"Player","Team","ATT","YDS","TDS","REC","YDS","TDS","FL","FPTS"
" ","","",""
"Jahmyr Gibbs","DET","267.2","1413.3","13.2","70.4","566.7","4.1","1.1","369.6"
"Bijan Robinson","ATL","295.7","1426.4","9.0","73.8","663.7","3.4","1.8","353.3"
"Christian McCaffrey","SF","261.4","1088.1","8.4","78.4","686.8","4.5","1.1","331.3"
"Jonathan Taylor","IND","317.9","1465.8","12.7","45.2","353.7","1.6","1.7","309.4"
"De'Von Achane","MIA","237.3","1200.5","6.2","69.8","532.0","3.8","1.0","300.7"
"Chase Brown","CIN","249.9","1085.8","7.7","65.2","444.3","4.0","1.1","285.8"
"Derrick Henry","BAL","319.5","1541.5","13.2","21.6","210.8","1.0","1.7","278.5"
"Saquon Barkley","PHI","295.7","1327.4","8.3","45.0","353.3","2.2","1.0","274.2"
"James Cook III","BUF","297.7","1451.4","10.5","30.7","260.2","1.7","2.4","270.6"
"Kenneth Walker III","KC","264.5","1174.1","8.7","45.3","346.9","1.5","0.9","257.0"
"Ashton Jeanty","LV","265.7","1082.4","7.1","52.2","366.1","2.7","1.1","253.7"
"Omarion Hampton","LAC","249.7","1050.1","8.9","48.2","327.6","1.9","1.0","248.5"
"Breece Hall","NYJ","257.3","1151.2","6.1","45.9","394.2","2.1","1.7","246.6"
"Cam Skattebo","NYG","244.5","1009.9","7.7","44.2","338.8","2.1","1.6","234.3"
"Travis Etienne Jr.","NO","257.4","1077.3","5.9","43.0","332.1","2.7","1.0","233.5"
"Jeremiyah Love","ARI","223.4","990.0","6.4","49.0","384.2","1.9","2.2","231.7"
"Javonte Williams","DAL","261.0","1157.8","9.9","32.4","187.9","1.3","1.6","231.2"
"Kyren Williams","LAR","232.7","1080.0","9.4","30.8","215.2","2.0","1.5","226.0"
"D'Andre Swift","CHI","232.0","1041.3","7.9","36.5","307.7","1.3","1.0","224.9"
"Bucky Irving","TB","247.6","1001.0","5.7","37.2","307.8","2.0","1.0","212.3"
"Quinshon Judkins","CLE","287.4","1125.1","7.5","29.8","202.1","0.6","0.9","209.5"
"David Montgomery","HOU","237.7","998.0","8.4","29.8","222.0","0.7","1.5","203.1"
"Jaylen Warren","PIT","197.1","877.6","5.0","41.7","312.7","1.8","1.0","199.5"
"Rhamondre Stevenson","NE","181.1","782.0","6.6","39.7","328.7","1.7","2.1","196.4"
"Bhayshul Tuten","JAC","224.7","925.5","7.9","24.1","182.7","1.7","2.2","188.3"
"TreVeyon Henderson","NE","172.6","842.1","6.2","33.2","234.3","1.2","0.8","183.7"
"Tony Pollard","TEN","229.4","995.8","4.8","31.1","195.2","0.7","2.1","179.0"
"Chuba Hubbard","CAR","192.1","794.5","5.2","34.1","233.3","1.6","0.9","175.8"
"J.K. Dobbins","DEN","215.5","1019.6","6.8","19.0","103.6","0.7","0.7","175.0"
"Rico Dowdle","PIT","201.6","881.1","5.6","28.1","195.4","1.0","1.0","173.0"
"Aaron Jones Sr.","MIN","154.1","673.7","3.3","42.3","306.4","1.9","1.0","169.1"
"Jadarian Price","SEA","200.6","841.5","7.1","19.5","164.8","0.8","2.0","163.4"
"RJ Harvey","DEN","111.9","438.8","3.9","45.4","333.5","3.0","0.7","162.4"
"Kyle Monangai","CHI","179.6","769.7","5.3","24.4","198.9","0.7","0.7","155.4"
"Kenny Gainwell","TB","105.8","463.4","3.8","44.7","311.8","1.9","0.9","154.3"
"Rachaad White","WAS","140.4","606.9","4.9","32.8","225.6","1.5","0.8","152.6"
"Jacory Croskey-Merritt","WAS","187.8","836.4","7.2","12.1","88.6","0.3","1.8","146.3"
"Jonathon Brooks","CAR","166.2","688.9","4.7","26.2","198.0","1.0","1.5","145.7"
"Josh Jacobs","GB","157.7","639.4","6.0","21.1","162.6","1.0","1.0","141.4"
"Jordan Mason","MIN","172.6","790.9","5.6","17.4","99.3","0.4","1.1","140.0"
"Blake Corum","LAR","167.1","783.7","6.1","11.3","77.4","0.3","0.7","134.2"
"MarShawn Lloyd","GB","167.8","709.5","5.7","15.2","118.8","0.7","1.8","132.7"
"Woody Marks","HOU","152.1","608.5","3.1","24.4","195.5","1.6","0.8","131.5"
"Tyjae Spears","TEN","100.6","408.4","2.8","39.8","263.9","1.1","0.7","128.8"
"Alvin Kamara","NO","111.8","439.8","2.6","32.5","224.7","0.9","0.8","118.2"
"Zach Charbonnet","SEA","125.9","513.8","5.3","18.4","136.3","0.5","0.7","116.7"
"Dylan Sampson","CLE","72.0","260.6","1.4","37.7","284.0","1.9","1.2","109.1"
"AJ Dillon","CAR","121.0","532.0","3.0","18.0","146.0","1.0","5.0","99.8"
"Tyler Allgeier","ARI","101.6","394.8","3.3","22.5","163.2","0.4","0.6","99.7"
"Isiah Pacheco","DET","119.1","514.7","2.8","14.6","90.8","0.8","0.7","95.4"
"Braelon Allen","NYJ","115.6","472.1","4.1","13.0","94.1","0.6","1.7","94.5"
"Justice Hill","BAL","49.6","236.0","1.8","25.4","219.9","1.4","0.2","89.8"
"Kaelon Black","SF","113.6","452.6","3.6","10.6","95.2","0.7","1.2","88.7"
"Chris Rodriguez Jr.","JAC","128.3","540.2","4.7","4.1","32.6","0.0","0.6","88.4"
"Samaje Perine","CIN","87.8","386.7","3.0","17.1","136.3","0.5","1.9","86.5"
"Brian Robinson Jr.","ATL","120.5","512.8","3.7","7.6","51.7","0.2","0.7","85.5"
"Mike Washington Jr.","LV","105.3","414.9","2.7","14.6","116.0","0.5","1.2","84.6"
"Chris Brooks","GB","93.5","408.7","2.1","16.9","113.9","0.5","0.6","83.6"
"Keaton Mitchell","LAC","89.7","401.6","2.1","14.6","107.0","0.4","0.7","79.5"
"Tank Bigsby","PHI","97.6","462.1","3.6","6.5","50.8","0.2","0.7","79.5"
"Ty Johnson","BUF","48.6","208.7","1.8","18.1","192.8","1.6","0.2","78.0"
"Tyrone Tracy Jr.","NYG","87.0","373.8","1.7","14.4","107.1","0.7","0.6","75.6"
"Najee Harris","NYG","93.6","392.3","2.6","11.1","75.5","0.2","0.2","74.5"
"Jordan James","SF","86.9","348.7","2.4","12.3","108.6","0.5","1.1","73.4"
"Emanuel Wilson","SEA","82.4","348.3","2.3","9.3","64.1","0.2","0.5","64.7"
"Velus Jones Jr.","SEA","53.9","225.0","1.3","16.2","118.6","0.8","0.0","63.2"
"Jaylen Wright","MIA","76.8","300.9","1.5","12.1","88.0","0.3","1.3","59.1"
"Malik Davis","DAL","62.4","289.1","2.1","6.0","46.6","0.1","0.6","51.7"
"James Conner","ARI","35.6","133.7","1.1","14.1","107.7","0.9","0.0","49.8"
"Jonah Coleman","DEN","48.8","203.1","1.6","10.2","74.8","0.4","0.2","49.4"
"Kimani Vidal","LAC","51.6","206.3","1.4","9.4","80.5","0.5","0.1","49.2"
"Brashard Smith","KC","39.6","152.9","1.0","14.0","98.6","0.7","0.1","49.0"
"Zavier Scott","CHI","58.2","235.0","1.5","8.5","53.2","0.3","0.0","48.3"
"Jaleel McLaughlin","CLE","46.2","203.4","1.2","8.9","49.4","0.4","0.0","43.9"
"George Holani","SEA","44.2","173.3","1.3","9.5","68.1","0.4","0.1","43.5"
"Kyle Juszczyk","SF","9.1","32.1","0.2","17.3","152.6","1.0","0.1","43.1"
"Isaiah Davis","NYJ","31.9","153.9","1.0","10.4","80.4","0.3","0.1","41.4"
"LeQuint Allen Jr.","JAC","30.4","120.7","0.6","12.6","81.8","0.4","0.1","38.6"
"Adam Randall","BAL","31.0","169.5","1.0","6.5","70.5","0.5","0.5","38.5"
"Sean Tucker","TB","50.6","213.4","2.3","1.7","12.1","0.1","0.1","38.4"
"Jacob Saylors","DET","39.8","178.1","1.5","5.3","44.1","0.2","0.1","37.4"
"Robbie Ouzts","SEA","34.3","139.2","0.8","8.2","56.3","0.4","0.0","35.1"
"Roschon Johnson","CHI","34.0","116.0","3.0","3.0","18.0","0.0","0.0","34.4"
"DJ Giddens","IND","33.1","135.7","0.9","7.7","51.9","0.2","0.0","33.2"
"Israel Abanikanda","DAL","23.4","94.3","0.6","9.6","62.8","0.5","0.0","31.8"
"Devin Singletary","NYG","25.3","100.5","0.8","8.6","61.0","0.3","0.0","31.2"
"Hunter Luepke","DAL","11.3","47.1","0.3","11.5","81.5","0.5","0.1","29.4"
"Emmett Johnson","KC","35.4","147.1","1.1","3.5","27.9","0.1","0.1","28.3"
"Ollie Gordon II","MIA","36.4","134.5","1.0","4.7","33.9","0.1","0.1","28.3"
"Emari Demercado","DAL","29.4","166.2","0.4","4.5","34.3","0.1","0.1","27.1"
"Seth McGowan","IND","29.9","125.9","1.2","3.6","28.7","0.1","0.1","26.9"
"Rasheen Ali","BAL","16.2","64.5","0.3","7.6","57.3","0.6","0.0","25.0"
"Ray Davis","BUF","21.3","89.9","0.6","6.1","46.8","0.3","0.2","24.9"
"Ameer Abdullah","JAC","12.0","49.9","0.5","8.4","59.1","0.3","0.0","23.7"
"Nicholas Singleton","TEN","33.8","137.8","0.8","2.1","17.0","0.1","0.1","22.3"
"Kaytron Allen","WAS","25.8","114.7","0.7","3.3","25.2","0.1","0.0","22.2"
"Eli Heidenreich","PIT","29.0","117.0","1.0","2.0","21.0","0.0","0.0","21.8"
"Trevor Etienne","CAR","31.7","128.1","0.7","2.0","12.7","0.1","0.0","21.0"
"Patrick Ricard","NYG","7.7","32.4","0.2","8.1","57.8","0.3","0.0","20.6"
"Corey Kiner","NE","23.3","100.8","0.6","3.3","25.7","0.1","0.0","20.2"
"Demond Claiborne","MIN","21.6","96.7","0.7","3.3","25.2","0.1","0.0","20.2"
"Will Shipley","PHI","9.6","39.6","0.2","7.7","55.1","0.3","0.1","20.0"
"Trey Benson","ARI","20.9","86.0","0.4","4.6","31.5","0.2","0.0","19.9"
"Raheim Sanders","CLE","26.2","100.6","0.7","3.0","21.1","0.1","0.0","19.8"
"Kendre Miller","NO","23.5","96.2","0.7","3.2","22.1","0.1","0.0","19.3"
"Dylan Laube","LV","22.3","89.3","0.4","3.9","25.6","0.1","0.0","18.7"
"Alec Ingold","LAC","3.5","14.4","0.1","8.3","63.0","0.3","0.1","18.6"
"Audric Estime","NO","17.4","70.8","0.6","3.7","27.0","0.1","0.0","17.5"
"Ronnie Rivers","LAR","22.5","91.0","0.5","2.3","15.5","0.2","0.0","17.2"
"Tahj Brooks","CIN","21.8","90.7","0.6","2.4","16.5","0.1","0.1","17.1"
"Isaac Guerendo","SF","24.1","105.8","0.7","1.0","9.7","0.0","0.0","16.8"
"Michael Burton","CLE","6.6","13.8","0.6","5.1","33.3","0.6","0.0","16.5"
"Kaleb Johnson","GB","20.0","81.2","0.5","1.7","11.2","0.1","0.0","14.5"
"Brittain Brown","CHI","24.5","99.0","0.7","0.0","0.0","0.0","0.0","13.9"
"Andrew Beck","NYJ","0.3","2.7","0.0","4.3","29.6","0.8","0.0","12.3"
"Adam Prentice","DEN","6.7","27.3","0.2","4.2","28.4","0.2","0.0","11.6"
"Bam Knight","ARI","10.1","34.6","0.4","2.5","18.5","0.1","0.0","10.5"
"Connor Heyward","LV","4.2","17.4","0.1","4.0","29.0","0.2","0.0","10.2"
"Kene Nwangwu","NYJ","12.0","50.9","0.4","1.2","9.3","0.1","0.0","9.9"
"Max Bredeson","MIN","2.0","8.5","0.1","4.5","29.5","0.2","0.0","9.6"
"Tyler Badie","DEN","2.3","9.4","0.1","4.3","27.3","0.2","0.0","9.5"
"Julius Chestnut","TEN","2.5","9.9","0.0","4.1","25.0","0.2","0.0","8.7"
"Jack Westover","WAS","0.0","0.0","0.0","4.5","30.9","0.2","0.0","8.6"
"Riley Nowakowski","PIT","0.0","0.0","0.0","4.3","29.2","0.2","0.0","8.1"
"Reggie Gilliam","NE","7.1","28.6","0.2","2.1","14.9","0.1","0.0","7.8"
"Sione Vaki","DET","10.4","42.1","0.3","0.7","5.2","0.0","0.0","7.2"
"Kendall Milton","CIN","13.3","53.4","0.3","0.0","0.0","0.0","0.0","7.2"
"Jeremy McNichols","WAS","5.0","20.9","0.2","2.0","13.4","0.0","0.0","6.6"
"Travis Homer","PIT","9.8","40.7","0.3","0.0","0.0","0.0","0.0","5.8"
"British Brooks","HOU","9.3","38.1","0.2","0.0","0.0","0.0","0.0","5.1"
"Jerome Ford","WAS","2.5","10.5","0.1","1.0","6.0","0.0","0.0","3.3"
"DeeJay Dallas","MIN","0.0","0.0","0.0","0.0","0.0","0.0","0.0","0.0"
"Chris Collier","LV","0.0","0.0","0.0","0.0","0.0","0.0","0.0","0.0"
""
""